{"VCL_coreset_40_lambda_-1_alpha_1.0": {"0": {"accuracies": [99.90543735224587, 98.7009862881886, 98.73984413861714, 99.31395783959087, 99.01], "task_1": [99.90543735224587, 99.95271867612293, 99.95271867612293, 99.95271867612293, 99.90543735224587], "task_2": [97.40450538687561, 97.45347698334966, 98.09010773751224, 98.09010773751224], "task_3": [98.77267876200641, 99.83991462113127, 99.2529348986126], "task_4": [99.39577039274924, 99.24471299093656], "task_5": [98.53756933938477]}, "1": {"accuracies": [99.90543735224587, 99.32643733461632, 99.45282706018902, 99.5759012099289, 99.57], "task_1": [99.90543735224587, 100.0, 99.95271867612293, 100.0, 100.0], "task_2": [98.62879529872674, 98.5798237022527, 98.67776689520079, 99.41234084231147], "task_3": [99.83991462113127, 99.89327641408751, 99.73319103521878], "task_4": [99.74823766364553, 99.79859013091641], "task_5": [98.8905698436712]}, "2": {"accuracies": [99.90543735224587, 99.71133028626413, 99.8341900182391, 99.83784458026693, 99.52], "task_1": [99.90543735224587, 99.95271867612293, 99.95271867612293, 99.95271867612293, 99.95271867612293], "task_2": [99.4613124387855, 99.65719882468169, 99.65719882468169, 98.5798237022527], "task_3": [99.89327641408751, 99.83991462113127, 99.78655282817503], "task_4": [99.8992950654582, 99.74823766364553], "task_5": [99.54614220877458]}}, "VCL_coreset_0_lambda_-1_alpha_1.0": {"0": {"accuracies": [99.95271867612293, 99.66321866730816, 99.18753108937157, 98.50318074092553, 97.93], "task_1": [99.95271867612293, 99.95271867612293, 99.90543735224587, 99.95271867612293, 99.95271867612293], "task_2": [99.36336924583742, 97.79627815866797, 94.61312438785504, 91.82174338883448], "task_3": [99.89327641408751, 99.83991462113127, 99.1462113127001], "task_4": [99.69788519637463, 99.79859013091641], "task_5": [99.04185577407968]}, "1": {"accuracies": [99.95271867612293, 99.7834977146981, 99.75128502735865, 99.62579518523138, 99.09], "task_1": [99.95271867612293, 99.95271867612293, 99.95271867612293, 99.95271867612293, 99.95271867612293], "task_2": [99.60822722820764, 99.55925563173359, 98.97159647404506, 96.5230166503428], "task_3": [99.73319103521878, 99.73319103521878, 99.78655282817503], "task_4": [99.8489425981873, 99.79859013091641], "task_5": [99.44528492183561]}, "2": {"accuracies": [99.90543735224587, 99.59105123887419, 99.6683800364782, 99.7630036173132, 99.5], "task_1": [99.90543735224587, 99.90543735224587, 99.95271867612293, 99.95271867612293, 99.95271867612293], "task_2": [99.26542605288932, 99.26542605288932, 99.4613124387855, 98.43290891283056], "task_3": [99.78655282817503, 99.78655282817503, 99.94663820704376], "task_4": [99.8489425981873, 99.79859013091641], "task_5": [99.3948562783661]}}, "VCL-WKL_coreset_0_lambda_-1_alpha_1": {"0": {"accuracies": [99.90543735224587, 99.71133028626413, 99.43624606201293, 99.42621928402146, 99.24], "task_1": [99.90543735224587, 99.95271867612293, 99.95271867612293, 99.95271867612293, 99.95271867612293], "task_2": [99.4613124387855, 98.62879529872674, 98.0411361410382, 98.09010773751224], "task_3": [99.73319103521878, 99.94663820704376, 99.57310565635005], "task_4": [99.79859013091641, 99.44612286002014], "task_5": [99.14271306101865]}, "1": {"accuracies": [99.76359338061465, 99.71133028626413, 99.71812303100647, 99.71310964201072, 99.49], "task_1": [99.76359338061465, 99.95271867612293, 99.95271867612293, 99.95271867612293, 99.95271867612293], "task_2": [99.4613124387855, 99.26542605288932, 99.36336924583742, 98.62879529872674], "task_3": [99.94663820704376, 100.0, 99.94663820704376], "task_4": [99.54682779456193, 99.44612286002014], "task_5": [99.4957135653051]}, "2": {"accuracies": [99.95271867612293, 99.68727447678614, 99.75128502735865, 99.65074217288263, 99.38], "task_1": [99.95271867612293, 99.95271867612293, 99.95271867612293, 99.95271867612293, 99.95271867612293], "task_2": [99.41234084231147, 99.36336924583742, 99.36336924583742, 98.87365328109696], "task_3": [99.94663820704376, 99.73319103521878, 99.78655282817503], "task_4": [99.54682779456193, 99.29506545820745], "task_5": [98.99142713061019]}}}