{"VCL_coreset_2500_lambda_-1_alpha_1.0": {"RMSE": [0.1532378037346144, 0.13149595702595712, 0.1239314007049403, 0.11790759215916752, 0.11541187689765957, 0.11766040169532702, 0.11960336758191631, 0.12348065547561538], "mean_beta": []}, "VCL_coreset_5000_lambda_-1_alpha_1.0": {"RMSE": [0.13618393218368224, 0.11963491901343468, 0.11492273228280404, 0.11041192322144935, 0.10831406732075677, 0.10850542000448236, 0.10951349177046973, 0.11071153928321144], "mean_beta": []}, "EWC_coreset_-1_lambda_1_alpha_-1": {"RMSE": [0.08258020952349206, 0.12274675406147975, 0.1619744151441689, 0.2572444387563259, 0.2970867029912956, 0.3025942868920641, 0.31625991841922546, 0.32092833389817305], "mean_beta": []}, "EWC_coreset_-1_lambda_10_alpha_-1": {"RMSE": [0.08378973835136808, 0.12123451307042821, 0.23995849907532568, 0.26333155511505174, 0.28558725860127343, 0.2943263964528594, 0.2990744594079525, 0.30382966711859943], "mean_beta": []}, "EWC_coreset_-1_lambda_100_alpha_-1": {"RMSE": [0.0831999765579484, 0.119450445091469, 0.24501365592422694, 0.29546761605435007, 0.28993743021545426, 0.2971708310517071, 0.3130783004287558, 0.3158310313749007], "mean_beta": []}}