{"VCL_coreset_2500_lambda_-1_alpha_1.0": {"RMSE": [0.15291902650819122, 0.1324739260660048, 0.1271753499744085, 0.11958911455559168, 0.11621588441414164, 0.12303199004710592, 0.12061707248798566, 0.1202926905585911], "mean_beta": []}, "VCL_coreset_5000_lambda_-1_alpha_1.0": {"RMSE": [0.13975195736955903, 0.12019519856236476, 0.1143547870723171, 0.11072966078429386, 0.10891274944597774, 0.10733993732283531, 0.1088365977594773, 0.110903382011386], "mean_beta": []}, "EWC_coreset_-1_lambda_1_alpha_-1": {"RMSE": [0.08297156032824272, 0.11991077841448725, 0.26405079139167587, 0.2738350647747569, 0.28203560267589944, 0.2933965579589644, 0.2987662500133548, 0.2989235712308046], "mean_beta": []}, "EWC_coreset_-1_lambda_10_alpha_-1": {"RMSE": [0.08332155528440528, 0.1363992444104161, 0.2828443014175839, 0.27505845256688843, 0.3113809343934065, 0.31584442580848304, 0.32142016166221304, 0.32684232145092634], "mean_beta": []}, "EWC_coreset_-1_lambda_100_alpha_-1": {"RMSE": [0.08400061207502892, 0.12725463317650354, 0.24166922451726458, 0.2670520574276536, 0.279817451152065, 0.28935958990448896, 0.2981369442256478, 0.2979826853413544], "mean_beta": []}}